City_ID,City,Country,Date,Lat,Lng,Max Temp,Humidity,Cloudiness,Wind Speed
0,Narsaq,GL,2022-05-20 14:39:10,60.9167,-46.05,43.02,56,36,4.34
1,Saint George,US,2022-05-20 14:36:10,37.1041,-113.5841,61.79,18,0,14.97
2,Rorvik,NO,2022-05-20 14:39:11,64.8621,11.2373,64.38,59,20,5.75
3,Batagay,RU,2022-05-20 14:39:11,67.6333,134.6333,32.67,91,23,3.94
4,Abu Zabad,SD,2022-05-20 14:39:11,12.35,29.25,103.6,10,12,8.28
5,Avarua,CK,2022-05-20 14:39:12,-21.2078,-159.775,75.25,83,75,3.44
6,Bethel,US,2022-05-20 14:39:12,41.3712,-73.414,59.85,88,100,5.75
7,Walvis Bay,NA,2022-05-20 14:39:13,-22.9575,14.5053,62.1,65,0,23.26
8,La Palma,US,2022-05-20 14:39:13,33.8464,-118.0467,62.24,89,100,6.91
9,San Andres,CO,2022-05-20 14:39:14,12.5847,-81.7006,84.22,84,75,5.75
10,Gizo,SB,2022-05-20 14:39:14,-8.103,156.8419,82.11,74,6,4.59
11,Senno,RU,2022-05-20 14:39:14,59.5336,33.9167,52.27,34,46,3.87
12,Chicama,PE,2022-05-20 14:39:15,-7.8447,-79.1469,61.34,72,65,6.55
13,Hualmay,PE,2022-05-20 14:39:15,-11.0964,-77.6139,67.91,82,66,8.57
14,Vao,NC,2022-05-20 14:39:15,-22.6667,167.4833,74.88,84,100,22.82
15,Pangnirtung,CA,2022-05-20 14:36:12,66.1451,-65.7125,34.75,77,100,0.63
16,Hermanus,ZA,2022-05-20 14:39:16,-34.4187,19.2345,57.79,65,76,7.49
17,Puerto Ayora,EC,2022-05-20 14:39:16,-0.7393,-90.3518,76.96,96,65,1.99
18,Mataura,NZ,2022-05-20 14:36:11,-46.1927,168.8643,44.38,94,100,12.28
19,Puerto Vallarta,MX,2022-05-20 14:35:48,20.6204,-105.2307,79.92,69,75,1.01
20,Punta Arenas,CL,2022-05-20 14:31:23,-53.15,-70.9167,41.11,87,100,6.91
21,Baghdad,IQ,2022-05-20 14:37:16,33.3406,44.4009,96.71,7,20,19.57
22,Airai,TL,2022-05-20 14:39:17,-8.9266,125.4092,58.14,88,16,3.71
23,Kunigal,IN,2022-05-20 14:39:17,13.0222,77.0267,71.38,89,81,9.4
24,Ushuaia,AR,2022-05-20 14:39:18,-54.8,-68.3,44.26,70,20,6.91
25,Sitka,US,2022-05-20 14:39:18,57.0531,-135.33,46.29,87,20,10.36
26,Kumba,CM,2022-05-20 14:39:19,4.6363,9.4469,80.47,83,87,2.89
27,Chake Chake,TZ,2022-05-20 14:39:19,-5.2459,39.7666,78.55,80,76,7.25
28,Roma,US,2022-05-20 14:39:17,43.2128,-75.4557,75.81,68,0,10.36
29,Price,US,2022-05-20 14:39:20,39.5994,-110.8107,47.12,30,100,10.36
30,Erzin,TR,2022-05-20 14:39:20,36.9559,36.2,75.69,32,0,9.91
31,Vanavara,RU,2022-05-20 14:39:20,60.34,102.2797,52.52,90,90,2.89
32,Yerbogachen,RU,2022-05-20 14:39:21,61.2767,108.0108,48.63,72,100,4.85
33,Kapaa,US,2022-05-20 14:39:21,22.0752,-159.319,72.12,97,75,3.44
34,Meridian,US,2022-05-20 14:35:33,43.6121,-116.3915,45.09,67,0,12.66
35,Ambulu,ID,2022-05-20 14:39:22,-8.345,113.6058,77.43,89,95,2.37
36,Rikitea,PF,2022-05-20 14:36:00,-23.1203,-134.9692,73.89,79,100,10.87
37,Albany,US,2022-05-20 14:36:00,42.6001,-73.9662,70.95,73,29,1.99
38,Carnarvon,AU,2022-05-20 14:39:23,-24.8667,113.6333,71.98,67,0,19.17
39,Atuona,PF,2022-05-20 14:39:23,-9.8,-139.0333,77.58,69,13,9.01
40,Port Alfred,ZA,2022-05-20 14:36:03,-33.5906,26.891,58.17,95,100,3.0
41,Qaanaaq,GL,2022-05-20 14:39:24,77.484,-69.3632,17.42,68,16,1.79
42,Busselton,AU,2022-05-20 14:36:10,-33.65,115.3333,57.43,84,2,6.71
43,Komsomolskiy,UZ,2022-05-20 14:39:24,40.4272,71.7189,77.72,31,100,13.8
44,Korla,CN,2022-05-20 14:39:24,41.7597,86.1469,81.99,15,100,11.52
45,Yellowknife,CA,2022-05-20 14:35:01,62.456,-114.3525,45.12,39,75,0.0
46,San Lawrenz,MT,2022-05-20 14:39:25,36.0553,14.204,72.81,67,0,5.46
47,Burnie,AU,2022-05-20 14:40:26,-41.0667,145.9167,45.95,89,53,6.58
48,Oranjemund,NA,2022-05-20 14:40:26,-28.55,16.4333,57.49,65,9,12.26
49,Ilulissat,GL,2022-05-20 14:40:27,69.2167,-51.1,35.62,51,75,4.61
50,Torbay,CA,2022-05-20 14:40:27,47.6666,-52.7314,56.88,64,40,10.36
51,Saint-Francois,FR,2022-05-20 14:40:27,46.4154,3.9054,89.04,27,0,10.36
52,Cape Town,ZA,2022-05-20 14:40:28,-33.9258,18.4232,63.01,70,20,13.8
53,Rio Gallegos,AR,2022-05-20 14:38:36,-51.6226,-69.2181,42.85,87,75,13.8
54,Coihaique,CL,2022-05-20 14:40:28,-45.5752,-72.0662,38.01,93,75,3.44
55,Yar-Sale,RU,2022-05-20 14:40:28,66.8333,70.8333,34.38,95,100,25.57
56,Hilo,US,2022-05-20 14:36:11,19.7297,-155.09,84.27,92,100,3.44
57,Altay,CN,2022-05-20 14:40:29,47.8667,88.1167,63.07,52,8,7.38
58,Mandera,KE,2022-05-20 14:40:29,3.9366,41.867,85.03,52,100,16.04
59,Vaini,TO,2022-05-20 14:40:30,-21.2,-175.2,73.56,88,75,4.61
60,Calabozo,VE,2022-05-20 14:40:30,8.9242,-67.4293,87.82,50,27,5.08
61,Colares,PT,2022-05-20 14:40:30,38.7992,-9.4469,89.26,48,0,14.97
62,Aklavik,CA,2022-05-20 14:40:31,68.2191,-135.0107,37.4,75,75,3.44
63,Naryan-Mar,RU,2022-05-20 14:40:31,67.6713,53.087,32.04,88,100,16.04
64,Nanortalik,GL,2022-05-20 14:40:32,60.1432,-45.2371,39.0,76,72,7.05
65,Musoma,TZ,2022-05-20 14:40:32,-1.5,33.8,75.07,67,100,9.62
66,Bathsheba,BB,2022-05-20 14:40:32,13.2167,-59.5167,86.61,66,20,19.57
67,Geraldton,AU,2022-05-20 14:40:32,-28.7667,114.6,57.61,94,11,6.91
68,Hobart,AU,2022-05-20 14:33:56,-42.8794,147.3294,46.06,89,40,9.22
69,Cidreira,BR,2022-05-20 14:40:33,-30.1811,-50.2056,60.01,69,0,9.84
70,Kahului,US,2022-05-20 14:40:33,20.8947,-156.47,77.02,83,75,6.91
71,Te Anau,NZ,2022-05-20 14:40:34,-45.4167,167.7167,41.7,94,96,3.85
72,Arraial Do Cabo,BR,2022-05-20 14:40:34,-22.9661,-42.0278,69.76,73,40,21.85
73,Ambilobe,MG,2022-05-20 14:40:35,-13.2,49.05,75.6,74,100,2.77
74,Kavieng,PG,2022-05-20 14:40:35,-2.5744,150.7967,81.86,77,10,9.86
75,Grindavik,IS,2022-05-20 14:40:35,63.8424,-22.4338,55.87,67,75,11.5
76,Hvolsvollur,IS,2022-05-20 14:40:36,63.7533,-20.2243,50.67,73,100,10.54
77,La Asuncion,VE,2022-05-20 14:40:36,11.0333,-63.8628,71.33,100,2,16.11
78,Labuhan,ID,2022-05-20 14:40:36,-6.8844,112.2051,79.38,85,100,8.34
79,Kodiak,US,2022-05-20 14:40:37,57.79,-152.4072,38.71,87,40,3.44
80,Cabedelo,BR,2022-05-20 14:40:37,-6.9811,-34.8339,86.67,74,57,9.24
81,Norman Wells,CA,2022-05-20 14:40:37,65.282,-126.8329,42.84,87,75,0.0
82,Butaritari,KI,2022-05-20 14:40:38,3.0707,172.7902,81.41,73,92,12.66
83,Esperance,AU,2022-05-20 14:40:38,-33.8667,121.9,63.27,71,96,7.2
84,Piacabucu,BR,2022-05-20 14:40:38,-10.4056,-36.4344,77.56,90,92,13.91
85,Guatire,VE,2022-05-20 14:40:39,10.4762,-66.5427,88.7,43,10,4.18
86,Sarh,TD,2022-05-20 14:40:39,9.1429,18.3923,98.51,41,20,6.91
87,Yulara,AU,2022-05-20 14:36:04,-25.2406,130.9889,58.82,57,2,10.29
88,Ondangwa,NA,2022-05-20 14:40:40,-17.9167,15.95,89.6,12,0,9.22
89,Longyearbyen,SJ,2022-05-20 14:40:40,78.2186,15.6401,31.84,64,0,8.05
90,Karpogory,RU,2022-05-20 14:41:40,64.0019,44.4451,40.3,57,100,9.66
91,Lebu,CL,2022-05-20 14:41:41,-37.6167,-73.65,53.56,86,80,9.75
92,Port Blair,IN,2022-05-20 14:41:41,11.6667,92.75,84.24,84,100,9.22
93,Hasaki,JP,2022-05-20 14:39:14,35.7333,140.8333,64.29,76,100,12.93
94,La Ronge,CA,2022-05-20 14:41:42,55.1001,-105.2842,35.85,55,100,14.97
95,Barrow,US,2022-05-20 14:41:42,71.2906,-156.7887,30.22,93,100,10.36
96,Clyde River,CA,2022-05-20 14:41:12,70.4692,-68.5914,23.23,86,75,12.66
97,Saskylakh,RU,2022-05-20 14:41:42,71.9167,114.0833,20.71,97,58,0.83
98,Noumea,NC,2022-05-20 14:41:43,-22.2763,166.4572,78.01,99,86,14.0
99,Mar Del Plata,AR,2022-05-20 14:41:43,-38.0023,-57.5575,60.94,57,0,11.5
100,Dikson,RU,2022-05-20 14:41:44,73.5069,80.5464,30.74,74,99,1.99
101,Asyut,EG,2022-05-20 14:41:44,27.181,31.1837,100.58,10,83,16.35
102,Cabo San Lucas,MX,2022-05-20 14:39:55,22.8909,-109.9124,75.61,64,2,8.01
103,Ostersund,SE,2022-05-20 14:41:44,63.1792,14.6357,61.25,51,0,4.61
104,Faanui,PF,2022-05-20 14:41:45,-16.4833,-151.75,80.31,71,10,11.43
105,New Norfolk,AU,2022-05-20 14:41:45,-42.7826,147.0587,45.72,81,8,2.21
106,Talara,PE,2022-05-20 14:41:45,-4.5772,-81.2719,70.56,73,0,25.32
107,Doka,SD,2022-05-20 14:41:46,13.5167,35.7667,104.2,13,97,11.63
108,Adrar,MR,2022-05-20 14:41:46,20.5022,-10.0711,105.64,4,39,9.33
109,Falmouth,GB,2022-05-20 14:41:46,50.1544,-5.0711,59.9,88,20,16.11
110,Jamestown,US,2022-05-20 14:36:01,42.097,-79.2353,72.01,78,100,8.01
111,Argentan,FR,2022-05-20 14:41:47,48.75,-0.0167,63.25,69,94,9.6
112,Tiksi,RU,2022-05-20 14:41:47,71.6872,128.8694,30.34,87,100,7.16
113,Bredasdorp,ZA,2022-05-20 14:41:47,-34.5322,20.0403,59.14,61,69,8.55
114,Victoria,HK,2022-05-20 14:39:17,22.2855,114.1577,81.18,82,14,5.01
115,Outjo,NA,2022-05-20 14:41:48,-20.1167,16.15,68.45,9,0,16.37
116,Havre-Saint-Pierre,CA,2022-05-20 14:41:48,50.2334,-63.5986,52.16,54,100,6.91
117,Goderich,CA,2022-05-20 14:41:49,43.7501,-81.7165,73.72,60,100,20.71
118,East London,ZA,2022-05-20 14:41:49,-33.0153,27.9116,58.14,94,100,11.5
119,San Quintin,MX,2022-05-20 14:41:49,30.4833,-115.95,59.83,77,100,8.63
120,Summerville,US,2022-05-20 14:38:46,33.0185,-80.1757,87.91,64,0,9.22
121,Khatanga,RU,2022-05-20 14:41:50,71.9667,102.5,29.95,89,79,10.04
122,Brae,GB,2022-05-20 14:41:50,60.3964,-1.353,55.22,71,100,12.33
123,Padang,ID,2022-05-20 14:41:50,-0.9492,100.3543,78.85,88,85,2.62
124,Newport,GB,2022-05-20 14:40:19,51.5877,-2.9984,64.08,72,23,21.97
125,Thompson,CA,2022-05-20 14:41:51,55.7435,-97.8558,32.16,69,100,12.66
126,Shingu,JP,2022-05-20 14:39:15,33.7333,135.9833,63.03,72,100,6.87
127,Cayenne,GF,2022-05-20 14:40:43,4.9333,-52.3333,84.09,1,100,4.61
128,Husavik,IS,2022-05-20 14:41:51,66.0449,-17.3389,54.03,60,100,7.94
129,Shabqadar,PK,2022-05-20 14:41:52,34.2139,71.5552,88.02,21,55,13.06
130,Lasa,IT,2022-05-20 14:41:52,46.6166,10.7002,78.69,45,67,4.41
131,Provideniya,RU,2022-05-20 14:41:52,64.3833,-173.3,38.23,82,52,8.1
132,Lompoc,US,2022-05-20 14:41:52,34.6391,-120.4579,57.92,82,100,5.01
133,Northam,GB,2022-05-20 14:41:53,51.0333,-4.2167,60.39,87,35,23.96
134,Taltal,CL,2022-05-20 14:41:53,-25.4,-70.4833,67.51,60,0,4.94
135,Darab,IR,2022-05-20 14:42:53,28.7519,54.5444,92.95,8,0,6.33
136,Fortuna,US,2022-05-20 14:42:54,40.5982,-124.1573,47.98,86,0,9.22
137,Chokurdakh,RU,2022-05-20 14:42:54,70.6333,147.9167,28.35,96,99,7.87
138,Srandakan,ID,2022-05-20 14:42:55,-7.9386,110.2506,78.12,91,100,4.09
139,Indramayu,ID,2022-05-20 14:42:55,-6.3264,108.32,81.19,79,80,4.05
140,Zlatoust,RU,2022-05-20 14:42:55,55.1711,59.6508,44.65,64,100,3.58
141,Kaitangata,NZ,2022-05-20 14:42:56,-46.2817,169.8464,44.33,90,99,19.24
142,Ribeira Grande,PT,2022-05-20 14:42:56,38.5167,-28.7,64.8,82,75,2.3
143,Berlevag,NO,2022-05-20 14:42:57,70.8578,29.0864,39.15,60,75,13.8
144,Mayo,US,2022-05-20 14:42:57,38.8876,-76.5119,84.13,73,40,5.01
145,Iztapa,GT,2022-05-20 14:42:57,13.9333,-90.7075,77.05,94,100,0.0
146,Jaboticabal,BR,2022-05-20 14:42:58,-21.2547,-48.3222,66.18,38,0,3.91
147,Suoyarvi,RU,2022-05-20 14:42:58,62.0833,32.35,51.93,39,83,3.11
148,Srednekolymsk,RU,2022-05-20 14:42:58,67.45,153.6833,48.9,62,100,4.07
149,Senador Jose Porfirio,BR,2022-05-20 14:42:59,-2.5908,-51.9542,74.17,93,100,2.13
150,Hofn,IS,2022-05-20 14:42:59,64.2539,-15.2082,50.02,87,100,11.5
151,Turayf,SA,2022-05-20 14:39:24,31.6725,38.6637,88.05,15,0,0.0
152,Vila Velha,BR,2022-05-20 14:42:59,-20.3297,-40.2925,78.75,36,20,6.91
153,Tuatapere,NZ,2022-05-20 14:43:00,-46.1333,167.6833,48.18,81,100,18.97
154,Petropavlovsk-Kamchatskiy,RU,2022-05-20 14:43:00,53.0452,158.6483,37.99,100,100,4.47
155,Honningsvag,NO,2022-05-20 14:43:01,70.9821,25.9704,42.55,56,0,12.66
156,Ponta Do Sol,PT,2022-05-20 14:43:01,32.6667,-17.1,74.12,82,39,3.44
157,Ancud,CL,2022-05-20 14:43:01,-41.8697,-73.8203,52.2,88,100,22.1
158,Ulaangom,MN,2022-05-20 14:43:01,49.9811,92.0667,61.83,42,41,9.82
159,Sugar Hill,US,2022-05-20 14:43:02,34.1065,-84.0335,81.52,68,0,9.22
160,Poum,NC,2022-05-20 14:43:02,-20.2333,164.0167,78.04,81,1,8.39
161,Taree,AU,2022-05-20 14:43:03,-31.9,152.4667,57.11,100,75,6.91
162,Pevek,RU,2022-05-20 14:43:03,69.7008,170.3133,33.53,98,100,5.7
163,Stepnyak,KZ,2022-05-20 14:43:04,52.8339,70.7803,57.29,63,99,4.47
164,Saskatoon,CA,2022-05-20 14:43:04,52.1168,-106.6345,38.16,60,100,16.11
165,Codrington,AU,2022-05-20 14:43:04,-38.2667,141.9667,44.17,90,11,6.46
166,Delta Del Tigre,UY,2022-05-20 14:43:05,-34.7633,-56.3853,55.81,76,0,10.36
167,Makakilo City,US,2022-05-20 14:43:06,21.3469,-158.0858,77.32,87,100,0.0
168,Tukan,RU,2022-05-20 14:43:06,53.8409,57.4552,45.77,66,100,2.13
169,Chuy,UY,2022-05-20 14:43:06,-33.6971,-53.4616,57.83,57,2,8.99
170,Port Elizabeth,ZA,2022-05-20 14:43:07,-33.918,25.5701,58.1,96,100,4.0
171,Golyshmanovo,RU,2022-05-20 14:43:07,56.3979,68.3728,49.06,54,68,11.97
172,Bambanglipuro,ID,2022-05-20 14:43:08,-7.95,110.2833,77.99,90,100,4.5
173,Emilio Carranza,MX,2022-05-20 14:43:08,19.9711,-96.6114,86.14,61,3,4.5
174,Klaksvik,FO,2022-05-20 14:43:10,62.2266,-6.589,50.92,98,100,19.66
175,Tura,IN,2022-05-20 14:40:10,25.5198,90.2201,72.5,96,5,3.65
176,Crotone,IT,2022-05-20 14:43:10,39.0851,17.1178,80.55,25,0,8.05
177,Castro,BR,2022-05-20 14:36:07,-24.7911,-50.0119,58.96,47,0,3.67
178,Constitucion,CL,2022-05-20 14:43:11,-35.3333,-72.4167,57.04,78,32,4.0
179,Arman,RU,2022-05-20 14:43:11,59.7,150.1667,35.02,98,100,8.57
180,Southbridge,US,2022-05-20 14:43:11,42.0751,-72.0334,71.37,47,25,5.68
181,Beringovskiy,RU,2022-05-20 14:43:12,63.05,179.3167,32.36,95,100,3.58
182,Tahta,EG,2022-05-20 14:43:12,26.7693,31.5021,97.72,9,100,14.36
183,Kaduna,NG,2022-05-20 14:42:42,10.5222,7.4383,92.57,34,84,4.12
184,Wajir,KE,2022-05-20 14:44:13,1.7471,40.0573,91.36,46,40,0.0
185,Pakokku,MM,2022-05-20 14:44:13,21.3333,95.1,88.16,58,100,5.39
186,Contamana,PE,2022-05-20 14:44:13,-7.3333,-75.0167,77.45,58,97,0.81
187,Ulladulla,AU,2022-05-20 14:44:14,-35.35,150.4667,53.76,76,100,4.92
188,Canico,PT,2022-05-20 14:44:14,32.6333,-16.85,74.12,85,75,11.5
189,Port Lincoln,AU,2022-05-20 14:44:15,-34.7333,135.8667,58.21,62,8,14.67
190,Griffith,US,2022-05-20 14:44:15,41.5284,-87.4237,80.31,71,40,16.11
191,Biak,ID,2022-05-20 14:44:15,-0.9131,122.8766,77.07,83,82,6.76
192,Samfya,ZM,2022-05-20 14:44:16,-11.3649,29.5565,74.84,52,80,1.52
193,Samthar,IN,2022-05-20 14:44:16,25.85,78.9167,105.33,10,2,6.87
194,Touros,BR,2022-05-20 14:44:16,-5.1989,-35.4608,86.56,61,32,7.92
195,Bay Roberts,CA,2022-05-20 14:44:17,47.5999,-53.2648,57.65,56,90,5.01
196,Pesnica Pri Mariboru,SI,2022-05-20 14:44:17,46.6069,15.6767,87.08,47,0,13.8
197,Kibre Mengist,ET,2022-05-20 14:44:18,5.8833,38.9833,63.75,89,100,3.96
198,Yeppoon,AU,2022-05-20 14:44:18,-23.1333,150.7333,60.58,91,100,23.42
199,Bluff,NZ,2022-05-20 14:35:57,-46.6,168.3333,50.4,69,81,32.64
200,Nikolskoye,RU,2022-05-20 14:36:10,59.7035,30.7861,53.49,41,96,7.54
201,Lexington,US,2022-05-20 14:42:02,37.9887,-84.4777,80.33,65,0,19.57
202,Mimarsinan,TR,2022-05-20 14:42:07,41.0032,28.5377,71.19,49,2,16.24
203,Nacala,MZ,2022-05-20 14:44:19,-14.5428,40.6728,75.83,75,59,5.01
204,Andenes,NO,2022-05-20 14:44:19,69.3143,16.1194,48.18,61,75,6.91
205,Ust-Kut,RU,2022-05-20 14:44:20,56.7938,105.7672,61.59,51,100,2.77
206,Pacific Grove,US,2022-05-20 14:39:41,36.6177,-121.9166,53.51,85,0,15.99
207,Tazmalt,DZ,2022-05-20 14:44:20,36.3868,4.3989,89.98,22,0,1.81
208,Tautira,PF,2022-05-20 14:44:21,-17.7333,-149.15,79.02,74,24,8.99
209,Portoferraio,IT,2022-05-20 14:44:21,42.8115,10.3146,77.16,53,0,11.5
210,San Patricio,US,2022-05-20 14:44:21,28.017,-97.5169,84.92,57,35,22.86
211,Tostedt,DE,2022-05-20 14:44:22,53.2833,9.7167,69.82,63,73,4.56
212,Weligama,LK,2022-05-20 14:44:22,5.9667,80.4167,78.84,90,77,8.1
213,Miri,MY,2022-05-20 14:44:22,4.4148,114.0089,78.94,94,40,2.3
214,Ponta Delgada,PT,2022-05-20 14:44:23,37.7333,-25.6667,65.12,72,20,12.66
215,Natal,BR,2022-05-20 14:44:23,-5.795,-35.2094,88.02,66,40,9.22
216,Martapura,ID,2022-05-20 14:44:23,-3.4167,114.85,77.09,94,40,0.0
217,Governador Valadares,BR,2022-05-20 14:44:24,-18.8511,-41.9494,74.39,41,10,3.69
218,Sur,OM,2022-05-20 14:44:24,22.5667,59.5289,95.2,37,0,4.16
219,Polonnaruwa,LK,2022-05-20 14:44:25,7.9333,81.0,81.84,68,28,12.21
220,Colquiri,BO,2022-05-20 14:44:25,-17.4167,-67.1333,42.93,20,29,3.15
221,Eyrarbakki,IS,2022-05-20 14:44:25,63.863,-21.1481,55.45,71,100,12.15
222,Baiyin,CN,2022-05-20 14:44:26,36.5583,104.2081,69.28,30,100,7.45
223,Bambous Virieux,MU,2022-05-20 14:44:26,-20.3428,57.7575,76.21,83,75,13.8
224,Coquimbo,CL,2022-05-20 14:44:27,-29.9533,-71.3436,60.53,51,0,6.91
225,Denia,ES,2022-05-20 14:44:27,38.8408,0.1057,81.55,69,38,8.99
226,Sangmelima,CM,2022-05-20 14:44:27,2.9333,11.9833,73.87,95,100,3.53
227,Tunggol,PH,2022-05-20 14:44:28,5.8446,121.1544,81.91,80,89,4.29
228,Hithadhoo,MV,2022-05-20 14:43:41,-0.6,73.0833,83.59,72,97,11.41
229,Lavrentiya,RU,2022-05-20 14:44:28,65.5833,-171.0,28.35,91,90,6.24
230,Mkushi,ZM,2022-05-20 14:44:28,-13.6202,29.3939,71.91,57,98,6.22
231,Nortelandia,BR,2022-05-20 14:44:29,-14.4547,-56.8028,74.89,30,86,2.19
232,Tuktoyaktuk,CA,2022-05-20 14:35:56,69.4541,-133.0374,28.4,100,100,5.75
233,Conway,US,2022-05-20 14:41:08,35.0887,-92.4421,78.82,74,100,17.27
234,Fairbanks,US,2022-05-20 14:40:33,64.8378,-147.7164,52.21,67,0,6.91
235,Saravan,AM,2022-05-20 14:45:29,39.7196,45.6483,53.46,68,82,6.15
236,Nkwerre,NG,2022-05-20 14:45:30,5.7556,7.1063,88.84,56,88,4.38
237,Barhi,IN,2022-05-20 14:45:30,23.9,80.8,98.42,13,0,7.14
238,Mazara Del Vallo,IT,2022-05-20 14:45:31,37.6641,12.588,76.93,76,5,7.16
239,Nichinan,JP,2022-05-20 14:45:31,31.6,131.3667,59.34,95,100,8.88
240,Flinders,AU,2022-05-20 14:45:31,-34.5833,150.8552,56.17,89,100,1.99
241,San Policarpo,PH,2022-05-20 14:45:32,12.1791,125.5072,81.84,82,100,10.27
242,Kruisfontein,ZA,2022-05-20 14:45:32,-34.0033,24.7314,55.89,90,100,9.28
243,Luangwa,ZM,2022-05-20 14:45:33,-15.6167,30.4167,85.59,40,46,2.55
244,Seminole,US,2022-05-20 14:44:50,28.7086,-81.2081,85.14,65,0,9.22
245,Tikrit,IQ,2022-05-20 14:45:33,34.6071,43.6782,92.61,10,92,17.87
246,Coari,BR,2022-05-20 14:45:34,-4.085,-63.1414,78.84,65,75,1.97
247,Banjarmasin,ID,2022-05-20 14:45:34,-3.3244,114.591,77.14,95,100,2.13
248,Mizdah,LY,2022-05-20 14:45:34,31.4451,12.9801,77.59,27,0,13.69
249,Castelo Do Piaui,BR,2022-05-20 14:45:35,-5.3222,-41.5525,83.16,71,65,2.8
250,Necochea,AR,2022-05-20 14:45:35,-38.5473,-58.7368,56.34,48,75,14.58
251,Takaka,NZ,2022-05-20 14:45:35,-40.85,172.8,50.56,69,12,7.18
252,Fort Nelson,CA,2022-05-20 14:41:08,58.8053,-122.7002,36.99,65,75,0.0
253,Koulikoro,ML,2022-05-20 14:45:36,14.0,-7.75,100.02,18,100,17.07
254,Mbeya,TZ,2022-05-20 14:45:36,-8.9,33.45,65.98,74,87,3.36
255,Tasiilaq,GL,2022-05-20 14:45:36,65.6145,-37.6368,37.56,78,86,2.89
256,Pasni,PK,2022-05-20 14:44:23,25.2631,63.471,83.23,85,0,12.8
257,Ojinaga,MX,2022-05-20 14:45:37,29.5667,-104.4167,85.57,20,0,8.05
258,Saint-Philippe,RE,2022-05-20 14:45:37,-21.3585,55.7679,76.59,86,55,12.12
259,Malartic,CA,2022-05-20 14:45:18,48.1335,-78.1328,57.31,93,100,12.64
260,Saeby,DK,2022-05-20 14:45:38,57.3319,10.5225,61.97,56,84,11.68
261,Kyra,RU,2022-05-20 14:45:38,49.5776,111.9753,61.07,37,89,4.68
262,Luwingu,ZM,2022-05-20 14:45:38,-10.2621,29.9271,73.18,58,35,4.18
263,Dingle,PH,2022-05-20 14:45:39,10.9995,122.6711,78.39,89,100,4.0
264,Semibratovo,RU,2022-05-20 14:45:39,57.3046,39.5369,49.86,58,97,8.39
265,Bengkulu,ID,2022-05-20 14:45:39,-3.8004,102.2655,77.74,83,18,3.0
266,Lagoa,PT,2022-05-20 14:45:40,39.05,-27.9833,61.95,81,100,10.89
267,Kutum,SD,2022-05-20 14:45:40,14.2,24.6667,93.97,8,5,14.54
268,Mahebourg,MU,2022-05-20 14:45:40,-20.4081,57.7,76.24,83,75,13.8
269,Severo-Kurilsk,RU,2022-05-20 14:45:41,50.6789,156.125,43.43,92,99,6.24
270,Ahipara,NZ,2022-05-20 14:45:41,-35.1667,173.1667,57.97,63,100,16.33
271,Zaysan,KZ,2022-05-20 14:45:42,47.4667,84.8667,66.18,40,0,4.7
272,Matagami,CA,2022-05-20 14:45:42,49.7502,-77.6328,55.51,76,100,14.97
273,Cravo Norte,CO,2022-05-20 14:45:42,6.3017,-70.2041,80.8,70,78,6.89
274,Grakhovo,RU,2022-05-20 14:45:43,56.0502,51.9676,46.2,72,100,4.65
275,Never,FR,2022-05-20 14:45:43,46.9896,3.159,80.35,53,96,15.75
276,Salalah,OM,2022-05-20 14:45:43,17.0151,54.0924,86.09,79,0,9.22
277,Jhabua,IN,2022-05-20 14:45:44,22.7667,74.6,95.14,28,0,19.46
278,Maldonado,UY,2022-05-20 14:45:44,-34.6667,-54.9167,58.39,52,4,10.58
279,Camapua,BR,2022-05-20 14:42:22,-19.5314,-54.0439,69.66,34,0,4.32
280,Aguazul,CO,2022-05-20 14:46:44,5.1728,-72.5471,72.63,93,100,2.84
281,Kidal,ML,2022-05-20 14:46:45,18.4411,1.4078,102.27,12,78,12.8
282,Tromso,NO,2022-05-20 14:46:45,69.6496,18.957,51.82,43,0,9.22
283,Negombo,LK,2022-05-20 14:46:45,7.2083,79.8358,82.45,89,20,4.61
284,Rawson,AR,2022-05-20 14:46:46,-43.3002,-65.1023,66.65,36,68,23.85
285,Pingliang,CN,2022-05-20 14:46:46,35.5392,106.6861,64.62,53,100,4.72
286,Naze,JP,2022-05-20 14:46:46,28.3667,129.4833,70.72,92,100,22.5
287,Saint-Pierre,RE,2022-05-20 14:46:47,-21.3393,55.4781,76.68,65,100,9.22
288,Belmonte,BR,2022-05-20 14:46:47,-15.8631,-38.8828,76.08,43,80,8.46
289,San Rafael,AR,2022-05-20 14:46:11,-34.6177,-68.3301,68.18,20,1,8.41
290,Iqaluit,CA,2022-05-20 14:46:48,63.7506,-68.5145,29.93,86,100,6.91
291,Quatre Cocos,MU,2022-05-20 14:46:48,-20.2078,57.7625,76.08,70,12,15.93
292,Atar,MR,2022-05-20 14:46:48,20.5169,-13.0499,103.01,11,99,4.76
293,Steamboat Springs,US,2022-05-20 14:46:49,40.485,-106.8317,32.94,94,100,5.75
294,Marawi,PH,2022-05-20 14:46:49,7.9986,124.2928,70.5,93,84,1.57
295,Melita,CA,2022-05-20 14:46:49,49.2681,-100.9967,33.55,84,100,19.62
296,Soyo,AO,2022-05-20 14:46:50,-6.1349,12.3689,79.74,72,61,13.31
297,Mastic Beach,US,2022-05-20 14:46:50,40.7668,-72.8521,68.77,86,100,4.61
298,Timra,SE,2022-05-20 14:46:50,62.487,17.3257,55.08,50,0,11.5
299,Bubaque,GW,2022-05-20 14:46:51,11.2833,-15.8333,78.8,77,34,11.07
300,Mishan,CN,2022-05-20 14:46:51,45.55,131.8833,58.42,67,28,5.59
301,Taitung,TW,2022-05-20 14:46:52,22.7583,121.1444,77.22,90,100,11.25
302,Dhidhdhoo,MV,2022-05-20 14:46:52,6.8833,73.1,83.34,78,82,17.67
303,Nanga Eboko,CM,2022-05-20 14:46:52,4.6833,12.3667,76.19,85,100,2.1
304,Sola,VU,2022-05-20 14:46:53,-13.8833,167.55,81.5,76,9,12.33
305,Atascadero,US,2022-05-20 14:42:02,35.4894,-120.6707,56.82,59,1,1.01
306,Placerville,US,2022-05-20 14:46:53,38.7296,-120.7986,60.89,38,0,0.0
307,Honiara,SB,2022-05-20 14:46:54,-9.4333,159.95,77.07,88,51,3.11
308,Kirovskiy,RU,2022-05-20 14:46:54,45.0917,133.5136,56.46,58,13,7.05
309,Samarai,PG,2022-05-20 14:46:55,-10.6167,150.6667,81.03,77,17,6.49
310,Rudnogorsk,RU,2022-05-20 14:46:55,57.2639,103.7519,55.9,94,97,2.86
311,Nyimba,ZM,2022-05-20 14:46:55,-14.5566,30.8149,79.14,47,53,3.83
312,Concepcion,CL,2022-05-20 14:43:56,-36.827,-73.0498,57.0,82,20,8.05
313,Vitry-Le-Francois,FR,2022-05-20 14:46:56,48.7333,4.5833,84.61,72,95,21.97
314,North Bend,US,2022-05-20 14:46:56,43.4065,-124.2243,45.16,100,0,0.0
315,Arica,CL,2022-05-20 14:46:57,-18.475,-70.3042,64.63,72,100,2.3
316,Naila,DE,2022-05-20 14:46:57,50.3167,11.7,83.75,51,20,14.97
317,Souillac,MU,2022-05-20 14:46:57,-20.5167,57.5167,75.58,83,75,13.8
318,Nhulunbuy,AU,2022-05-20 14:46:58,-12.2333,136.7667,79.41,83,40,8.05
319,Genoa,IT,2022-05-20 14:46:58,44.4129,8.9573,80.02,75,20,8.05
320,Canto Do Buriti,BR,2022-05-20 14:46:58,-8.11,-42.9444,86.18,42,99,3.02
321,Najran,SA,2022-05-20 14:46:59,17.4924,44.1277,97.45,8,21,14.74
322,Svetlyy,RU,2022-05-20 14:46:59,54.675,20.1347,62.65,78,84,17.13
323,Nabannagan,PH,2022-05-20 14:46:59,18.0715,121.5338,73.65,97,100,2.68
324,Laureles,US,2022-05-20 14:47:00,26.1092,-97.4941,85.1,65,40,24.16
325,Wanning,CN,2022-05-20 14:48:00,18.8003,110.3967,77.61,89,56,2.82
326,Hinton,CA,2022-05-20 14:48:00,53.4001,-117.5857,37.63,79,100,5.86
327,Georgetown,MY,2022-05-20 14:48:01,5.4112,100.3354,85.95,75,20,4.61
328,Dali,CN,2022-05-20 14:48:01,25.7,100.1833,64.76,70,44,3.78
329,Krasnoselkup,RU,2022-05-20 14:48:01,65.7,82.4667,50.09,86,100,11.1
330,Cherskiy,RU,2022-05-20 14:48:02,68.75,161.3,44.24,67,1,11.03
331,Abu Dhabi,AE,2022-05-20 14:47:43,24.4667,54.3667,98.62,52,0,8.05
332,Marrakesh,MA,2022-05-20 14:48:02,31.6315,-8.0083,93.27,33,75,12.66
333,Semporna,MY,2022-05-20 14:48:03,4.4818,118.6112,80.96,81,94,2.91
334,Lincoln,US,2022-05-20 14:47:37,40.8,-96.667,58.14,56,100,4.0
335,Talnakh,RU,2022-05-20 14:48:03,69.4865,88.3972,43.21,67,100,6.29
336,Anadyr,RU,2022-05-20 14:48:03,64.75,177.4833,32.5,86,75,6.71
337,Cape Coast,GH,2022-05-20 14:48:04,5.1053,-1.2466,83.53,73,100,11.74
338,Belen,TR,2022-05-20 14:48:04,36.4891,36.2233,75.34,21,0,20.71
339,At-Bashi,KG,2022-05-20 14:48:05,41.1702,75.8106,56.37,70,100,2.89
340,Kungurtug,RU,2022-05-20 14:48:05,50.5994,97.5228,56.68,67,100,4.45
341,Umm Lajj,SA,2022-05-20 14:48:05,25.0213,37.2685,84.47,54,0,7.38
342,High Level,CA,2022-05-20 14:45:13,58.5169,-117.136,37.51,65,40,13.8
343,Mancheral,IN,2022-05-20 14:48:06,18.8667,79.4333,95.18,44,100,9.26
344,Chapais,CA,2022-05-20 14:48:06,49.7834,-74.8492,56.98,52,72,15.52
345,Aksarka,RU,2022-05-20 14:48:07,66.5606,67.7975,32.95,97,100,29.97
346,Tamiahua,MX,2022-05-20 14:48:07,21.2667,-97.45,86.22,70,26,1.57
347,Jalu,LY,2022-05-20 14:48:08,29.0331,21.5482,82.62,16,0,15.86
348,Batemans Bay,AU,2022-05-20 14:48:08,-35.7167,150.1833,58.1,82,100,4.09
349,Taguatinga,BR,2022-05-20 14:48:08,-12.3857,-46.5711,86.16,22,77,1.52
350,Saldanha,ZA,2022-05-20 14:48:09,-33.0117,17.9442,62.65,68,11,20.09
351,Upernavik,GL,2022-05-20 14:48:09,72.7868,-56.1549,28.87,83,91,12.62
352,Ust-Kuyga,RU,2022-05-20 14:48:10,70.0167,135.6,28.8,94,100,3.0
353,Harper,LR,2022-05-20 14:48:10,4.375,-7.7169,79.9,86,95,12.5
354,Victoria Point,AU,2022-05-20 14:48:10,-27.5833,153.3,64.15,94,100,1.99
355,Liverpool,GB,2022-05-20 14:48:11,53.4106,-2.9779,63.64,64,75,9.22
356,Saint-Augustin,CA,2022-05-20 14:48:11,51.226,-58.6502,57.04,43,56,9.4
357,Laramie,US,2022-05-20 14:44:51,41.3114,-105.5911,31.08,85,100,16.11
358,Sorland,NO,2022-05-20 14:48:12,67.667,12.6934,46.26,100,100,10.36
359,Nha Trang,VN,2022-05-20 14:48:12,12.25,109.1833,80.6,89,100,4.32
360,Angoche,MZ,2022-05-20 14:48:13,-16.2325,39.9086,78.19,72,10,8.19
361,Luwuk,ID,2022-05-20 14:48:13,-0.9516,122.7875,77.52,87,85,5.03
362,Sao Filipe,CV,2022-05-20 14:48:13,14.8961,-24.4956,75.27,71,58,8.1
363,Portland,US,2022-05-20 14:46:24,45.5234,-122.6762,48.96,87,100,3.44
364,Chupa,RU,2022-05-20 14:48:14,66.27,33.0549,41.99,59,100,7.92
365,Leningradskiy,RU,2022-05-20 14:48:14,69.3833,178.4167,28.11,93,61,5.39
366,Santa Pola,ES,2022-05-20 14:48:15,38.1917,-0.5658,91.49,50,0,20.71
367,Port Hardy,CA,2022-05-20 14:48:15,50.6996,-127.4199,46.58,87,100,2.3
368,Lazaro Cardenas,MX,2022-05-20 14:48:16,17.9583,-102.2,81.59,53,33,0.65
369,Macau,MO,2022-05-20 14:48:16,22.2006,113.5461,82.85,94,20,8.05
370,Barcelona,ES,2022-05-20 14:47:30,41.3888,2.159,96.15,59,0,11.5
371,Sisimiut,GL,2022-05-20 14:48:17,66.9395,-53.6735,41.43,46,52,3.87
372,Smithers,CA,2022-05-20 14:49:17,54.7804,-127.1743,34.12,93,20,3.44
373,Kindu,CD,2022-05-20 14:49:18,-2.95,25.95,83.71,61,87,3.18
374,Solnechnyy,RU,2022-05-20 14:49:18,50.7214,136.6319,43.0,99,100,1.81
375,Tankara,IN,2022-05-20 14:49:18,22.6667,70.7333,94.06,56,0,19.73
376,Kailua,US,2022-05-20 14:45:28,21.4022,-157.7394,78.78,81,20,0.0
377,Lacaron,PH,2022-05-20 14:49:19,6.4489,125.5792,80.2,84,99,6.98
378,Khani,GE,2022-05-20 14:49:19,41.9563,42.9566,45.97,92,85,4.79
379,Guerrero Negro,MX,2022-05-20 14:46:45,27.9769,-114.0611,61.92,74,75,5.12
380,Hailar,CN,2022-05-20 14:49:20,49.2,119.7,57.27,30,48,3.98
381,Verkhnevilyuysk,RU,2022-05-20 14:49:20,63.4453,120.3167,43.68,69,25,2.39
382,Torit,SS,2022-05-20 14:49:20,4.4133,32.5678,84.15,51,91,4.81
383,Florianopolis,BR,2022-05-20 14:44:39,-27.6146,-48.5012,66.13,49,0,3.44
384,Katsuura,JP,2022-05-20 14:49:21,35.1333,140.3,66.72,78,100,14.14
385,Qasigiannguit,GL,2022-05-20 14:49:21,68.8193,-51.1922,35.85,66,13,2.75
386,Alofi,NU,2022-05-20 14:49:22,-19.0595,-169.9187,69.69,100,90,1.14
387,Sioux Lookout,CA,2022-05-20 14:49:22,50.1001,-91.917,39.27,93,100,9.22
388,Odienne,CI,2022-05-20 14:49:23,9.51,-7.5692,98.11,29,100,5.66
389,Nabire,ID,2022-05-20 14:49:23,-3.3667,135.4833,76.32,92,93,3.33
390,Itarema,BR,2022-05-20 14:49:23,-2.9248,-39.9167,84.85,69,92,6.8
391,Santa Marta,CO,2022-05-20 14:49:24,11.2408,-74.199,87.85,70,20,5.75
392,Jizan,SA,2022-05-20 14:49:24,17.3333,42.6667,92.34,39,89,9.06
393,Luderitz,NA,2022-05-20 14:49:24,-26.6481,15.1594,60.57,56,27,24.99
394,Halifax,CA,2022-05-20 14:47:23,44.6453,-63.5724,62.53,65,20,10.36
395,Ikom,NG,2022-05-20 14:49:25,5.9667,8.7063,92.5,47,100,3.42
396,Kowary,PL,2022-05-20 14:49:25,50.7931,15.8356,78.85,65,100,6.2
397,Kichmengskiy Gorodok,RU,2022-05-20 14:49:26,59.9816,45.7854,44.56,55,100,8.25
398,Necaxa,MX,2022-05-20 14:49:26,20.2167,-98.0,86.86,26,5,2.73
399,Ugoofaaru,MV,2022-05-20 14:49:26,5.6667,73.0,83.07,79,100,15.1
400,Dimitrovgrad,RU,2022-05-20 14:49:27,54.2139,49.6184,46.29,72,100,11.45
401,Tambun,ID,2022-05-20 14:49:27,-6.2641,107.0712,78.04,84,99,1.7
402,College,US,2022-05-20 14:49:27,64.8569,-147.8028,52.2,66,20,6.91
403,Nara,JP,2022-05-20 14:49:28,34.6851,135.8049,69.49,48,100,3.56
404,Tukrah,LY,2022-05-20 14:49:28,32.5341,20.5791,67.93,51,0,16.89
405,Karlivka,UA,2022-05-20 14:49:29,49.4567,35.1295,61.99,71,98,10.76
406,Storsteinnes,NO,2022-05-20 14:49:29,69.2408,19.2344,56.05,100,100,4.12
407,San Borja,BO,2022-05-20 14:49:30,-14.8167,-66.85,73.29,49,68,0.51
408,Mindelo,CV,2022-05-20 14:49:30,16.8901,-24.9804,80.15,54,75,25.32
409,Marzuq,YE,2022-05-20 14:49:30,14.4,46.4667,85.77,30,37,12.19
410,Cap Malheureux,MU,2022-05-20 14:49:31,-19.9842,57.6142,76.46,69,6,7.0
411,Isangel,VU,2022-05-20 14:49:31,-19.55,169.2667,76.96,88,91,15.01
412,Ilo,PE,2022-05-20 14:47:49,-17.6394,-71.3375,65.26,72,100,8.05
413,Aasiaat,GL,2022-05-20 14:49:32,68.7098,-52.8699,32.25,63,20,9.86
414,Igrim,RU,2022-05-20 14:49:32,63.1906,64.4162,34.5,98,100,13.18
415,San Carlos De Bariloche,AR,2022-05-20 14:49:32,-41.1456,-71.3082,46.15,71,75,12.66
416,Huancavelica,PE,2022-05-20 14:49:33,-12.7667,-74.9833,45.9,55,12,5.88
417,Sinnamary,GF,2022-05-20 14:49:33,5.3833,-52.95,78.94,86,97,6.11
418,Nelson,NZ,2022-05-20 14:50:34,-41.2833,173.2833,41.29,94,8,1.01
419,Zambezi,ZM,2022-05-20 14:50:34,-13.5432,23.1047,81.25,35,14,2.86
420,Olafsvik,IS,2022-05-20 14:50:34,64.8945,-23.7142,49.17,75,99,3.09
421,Tarakan,ID,2022-05-20 14:50:35,3.3,117.6333,80.1,89,20,3.44
422,Hosangadi,IN,2022-05-20 14:50:35,13.7,74.95,73.87,88,100,0.67
423,Bumba,CD,2022-05-20 14:50:35,2.1833,22.4667,83.1,64,77,5.12
424,Fresnillo,MX,2022-05-20 14:50:36,23.1667,-102.8833,70.68,25,4,8.81
425,Yerofey Pavlovich,RU,2022-05-20 14:50:36,53.9667,121.9667,43.11,85,24,4.18
426,Urusha,RU,2022-05-20 14:50:36,54.05,122.9,42.28,86,26,3.74
427,Puerto Cabezas,NI,2022-05-20 14:50:37,14.0351,-83.3888,76.96,100,40,0.0
428,Caravelas,BR,2022-05-20 14:50:37,-17.7125,-39.2481,76.48,40,33,5.46
429,Pedro Ii,BR,2022-05-20 14:50:37,-4.4247,-41.4586,77.5,77,97,3.42
430,Ornskoldsvik,SE,2022-05-20 14:50:38,63.2909,18.7153,56.35,33,100,5.75
431,Grand Gaube,MU,2022-05-20 14:50:38,-20.0064,57.6608,76.37,69,6,7.0
432,Butiama,TZ,2022-05-20 14:50:38,-1.7667,33.9667,68.07,77,96,5.55
433,Aquiraz,BR,2022-05-20 14:50:39,-3.9014,-38.3911,86.09,69,91,5.99
434,Piney Green,US,2022-05-20 14:50:39,34.716,-77.3202,92.01,68,0,6.91
435,Nurota,UZ,2022-05-20 14:50:39,40.5614,65.6886,77.09,22,0,6.53
436,Tefe,BR,2022-05-20 14:50:40,-3.3542,-64.7114,78.91,73,0,4.61
437,Arnedo,ES,2022-05-20 14:50:40,42.2167,-2.1,83.7,25,100,13.85
438,Mbuji-Mayi,CD,2022-05-20 14:50:40,-6.15,23.6,91.11,37,100,2.84
439,Koumac,NC,2022-05-20 14:50:41,-20.5667,164.2833,75.87,85,4,8.95
440,Darhan,MN,2022-05-20 14:50:41,49.4867,105.9228,70.66,30,28,3.09
441,Svetlaya,RU,2022-05-20 14:50:41,46.5389,138.3297,41.34,95,100,1.66
442,Guangshui,CN,2022-05-20 14:50:42,31.6199,113.9978,64.17,87,100,2.21
443,Matane,CA,2022-05-20 14:50:42,48.8286,-67.522,55.71,60,7,4.99
444,Asau,RO,2022-05-20 14:50:42,46.4333,26.4,79.72,37,50,10.92
445,Nizhniy Kuranakh,RU,2022-05-20 14:50:43,58.8353,125.4869,36.9,100,100,2.98
446,Chone,EC,2022-05-20 14:50:43,-0.6833,-80.1,79.61,81,100,1.77
447,Wuwei,CN,2022-05-20 14:50:43,37.9281,102.6414,68.09,27,100,8.19
448,Reconquista,AR,2022-05-20 14:50:44,-29.15,-59.65,62.17,53,0,11.05
449,Dargaville,NZ,2022-05-20 14:50:44,-35.9333,173.8833,57.27,62,97,17.2
450,Ihosy,MG,2022-05-20 14:50:44,-22.4,46.1167,63.73,69,0,7.23
451,Bereda,ES,2022-05-20 14:50:45,43.2686,-7.5406,73.71,45,21,9.08
452,Dolzhanskaya,RU,2022-05-20 14:50:45,46.6311,37.8039,62.92,68,92,10.49
453,Matay,EG,2022-05-20 14:50:45,28.419,30.7792,95.99,13,31,16.98
454,Half Moon Bay,US,2022-05-20 14:50:45,37.4636,-122.4286,62.06,55,0,16.11
455,Hirara,JP,2022-05-20 14:50:46,24.8,125.2833,74.05,93,100,5.46
456,Puerto Quijarro,BO,2022-05-20 14:50:46,-17.7833,-57.7667,74.26,27,0,4.16
457,Marystown,CA,2022-05-20 14:50:47,47.1666,-55.1483,55.85,100,100,1.99
458,Opuwo,NA,2022-05-20 14:50:47,-18.0607,13.84,78.46,12,0,9.66
459,Mobaye,CF,2022-05-20 14:50:47,4.319,21.1786,76.3,83,100,2.33
460,Rundu,NA,2022-05-20 14:50:47,-17.9333,19.7667,82.78,19,2,11.54
461,Alesd,RO,2022-05-20 14:50:48,47.0667,22.4167,75.61,54,99,8.5
462,Erzurum,TR,2022-05-20 14:50:48,40.0,41.5,47.88,46,58,4.54
463,Lukuledi,TZ,2022-05-20 14:50:48,-10.5667,38.8,74.93,75,100,4.88
464,Comodoro Rivadavia,AR,2022-05-20 14:49:49,-45.8667,-67.5,44.46,70,0,1.14
465,Panaba,MX,2022-05-20 14:50:49,21.2833,-88.2667,92.48,46,16,14.41
466,Alyangula,AU,2022-05-20 14:51:49,-13.8483,136.4192,78.35,76,0,10.87
467,Kununurra,AU,2022-05-20 14:51:50,-15.7667,128.7333,71.58,78,0,0.0
468,Mount Gambier,AU,2022-05-20 14:51:50,-37.8333,140.7667,44.02,92,7,5.79
469,Brazzaville,CG,2022-05-20 14:51:50,-4.2658,15.2832,83.79,70,100,4.76
470,San Carlos,VE,2022-05-20 14:51:51,9.6612,-68.5827,86.47,53,19,5.73
471,Uyskoye,RU,2022-05-20 14:51:51,54.3775,60.0047,50.76,54,100,3.67
472,Menongue,AO,2022-05-20 14:51:51,-14.6585,17.691,78.6,30,0,6.53
473,Artyom,AZ,2022-05-20 14:51:52,40.4723,50.333,59.14,78,100,25.86
474,Port Hedland,AU,2022-05-20 14:51:52,-20.3167,118.5667,73.45,100,0,0.0
475,Tual,ID,2022-05-20 14:51:52,-5.6667,132.75,83.82,72,26,17.52
476,Oksfjord,NO,2022-05-20 14:51:53,70.2396,22.3479,48.27,97,99,5.3
477,Adre,TD,2022-05-20 14:51:53,13.4667,22.2,100.98,7,0,11.63
478,Ust-Charyshskaya Pristan,RU,2022-05-20 14:51:53,52.3934,83.6635,61.99,43,36,5.79
479,Boyolangu,ID,2022-05-20 14:51:54,-8.1181,111.8935,75.31,94,100,0.43
480,Meulaboh,ID,2022-05-20 14:51:54,4.1363,96.1285,80.01,81,100,3.06
481,Saint Anthony,US,2022-05-20 14:51:54,45.0205,-93.218,54.82,86,100,10.36
482,Alpena,US,2022-05-20 14:51:55,45.0617,-83.4327,71.92,78,0,4.61
483,Dunedin,NZ,2022-05-20 14:51:55,-45.8742,170.5036,47.8,45,93,15.01
484,Laguna,US,2022-05-20 14:51:22,38.421,-121.4238,61.29,32,0,23.02
485,Kongsberg,NO,2022-05-20 14:51:56,59.6652,9.6465,69.91,61,89,9.08
486,Santa Cruz De La Palma,ES,2022-05-20 14:51:56,28.6835,-17.7642,75.34,69,20,17.27
487,Homer,US,2022-05-20 14:51:56,59.6425,-151.5483,54.03,78,0,4.61
488,Neiafu,TO,2022-05-20 14:51:57,-18.65,-173.9833,78.78,81,73,14.76
489,Nuevo Progreso,MX,2022-05-20 14:51:57,23.1667,-97.95,85.53,66,75,3.0
490,Mineros,BO,2022-05-20 14:51:58,-17.1167,-63.2333,72.25,20,26,5.21
491,Razole,IN,2022-05-20 14:51:58,16.4833,81.8333,86.32,69,100,8.75
492,Espanola,US,2022-05-20 14:51:58,35.9911,-106.0806,70.95,18,2,9.31
493,Zhenlai,CN,2022-05-20 14:51:59,45.8495,123.2973,70.66,36,76,11.12
494,Sakakah,SA,2022-05-20 14:51:59,29.9697,40.2064,99.97,8,56,0.6
495,Fallon,US,2022-05-20 14:51:59,39.4735,-118.7774,43.45,38,0,11.5
496,Moissala,TD,2022-05-20 14:52:00,8.3404,17.7663,95.65,34,43,3.91
497,Garissa,KE,2022-05-20 14:52:00,-0.4536,39.6401,90.23,39,92,18.3
498,San Cristobal,VE,2022-05-20 14:52:01,7.7669,-72.225,77.18,50,95,8.84
499,Paamiut,GL,2022-05-20 14:52:01,61.994,-49.6678,35.94,76,49,6.51
500,Castlemaine,AU,2022-05-20 14:51:18,-37.0667,144.2167,45.28,92,43,5.19
501,Zhezkazgan,KZ,2022-05-20 14:52:02,47.8043,67.7144,75.18,25,0,6.71
502,Usvyaty,RU,2022-05-20 14:52:02,55.7456,30.7533,49.78,93,100,6.85
503,Gwembe,ZM,2022-05-20 14:52:02,-16.4975,27.6069,72.28,46,50,1.12
504,Yantal,RU,2022-05-20 14:52:03,56.8471,105.2542,59.25,77,100,3.83
505,Praia Da Vitoria,PT,2022-05-20 14:50:53,38.7333,-27.0667,68.25,73,20,9.6
506,Minab,IR,2022-05-20 14:52:03,27.1467,57.0801,106.12,18,0,4.61
507,Gimli,CA,2022-05-20 14:53:04,50.6336,-96.9907,35.62,75,100,21.85
508,Khowai,IN,2022-05-20 14:53:04,24.1,91.6333,80.38,94,65,2.13
509,Marsh Harbour,BS,2022-05-20 14:53:05,26.5412,-77.0636,79.2,76,100,8.57
510,Deputatskiy,RU,2022-05-20 14:53:05,69.3,139.9,25.39,96,100,0.76
511,Mangan,IN,2022-05-20 14:53:05,27.5167,88.5333,73.0,86,98,1.43
512,Coahuayana,MX,2022-05-20 14:53:06,18.7333,-103.6833,81.88,50,29,1.1
513,Neuquen,AR,2022-05-20 14:53:06,-38.9516,-68.0591,49.89,76,20,3.44
514,Maceio,BR,2022-05-20 14:53:06,-9.6658,-35.7353,80.04,78,75,10.36
515,Port Macquarie,AU,2022-05-20 14:53:07,-31.4333,152.9167,57.88,79,95,6.8
516,Kuybyshevskiy Zaton,RU,2022-05-20 14:53:07,55.1593,49.1701,45.37,69,100,16.2
517,Copiapo,CL,2022-05-20 14:53:07,-27.3667,-70.3333,58.69,36,0,3.22
518,Kaura Namoda,NG,2022-05-20 14:53:08,12.5898,6.5779,101.77,17,69,10.09
519,Prieska,ZA,2022-05-20 14:53:08,-29.6641,22.7474,53.29,69,100,19.55
520,Tabas,IR,2022-05-20 14:53:08,33.5959,56.9244,91.4,9,17,7.14
521,Snezhnogorsk,RU,2022-05-20 14:53:09,69.1933,33.2531,44.38,58,84,8.9
522,Namibe,AO,2022-05-20 14:53:09,-15.1961,12.1522,74.59,59,52,13.82
523,Taywarah,AF,2022-05-20 14:53:10,33.35,64.4167,56.57,29,0,14.92
524,Murgab,TM,2022-05-20 14:53:10,37.4966,61.9714,91.27,24,0,6.91
525,Waipawa,NZ,2022-05-20 14:53:11,-41.4122,175.5153,41.99,76,19,8.61
526,Eatonton,US,2022-05-20 14:53:11,33.3268,-83.3885,83.57,66,49,8.16
527,Soc Trang,VN,2022-05-20 14:53:11,9.6033,105.98,80.78,83,94,5.35
528,Bilma,NE,2022-05-20 14:53:12,18.6853,12.9164,97.16,14,86,26.13
529,Caohai,CN,2022-05-20 14:53:12,26.8661,104.2841,51.28,81,100,1.03
530,Luoyang,CN,2022-05-20 14:53:12,34.6836,112.4536,72.54,44,60,4.63
531,Gorontalo,ID,2022-05-20 14:53:13,0.5412,123.0595,76.15,95,76,2.37
532,Villazon,BO,2022-05-20 14:53:13,-22.0866,-65.5942,51.44,15,0,5.01
533,Vestmanna,FO,2022-05-20 14:53:13,62.1564,-7.1664,49.12,93,75,21.85
534,Omboue,GA,2022-05-20 14:53:14,-1.5746,9.2618,78.01,85,100,2.48
535,El Alto,PE,2022-05-20 14:53:14,-4.2714,-81.2147,67.66,65,58,11.48
536,Alexandria,EG,2022-05-20 14:51:36,31.2156,29.9553,72.14,73,0,17.47
537,Baherden,TM,2022-05-20 14:53:15,38.4362,57.4316,91.09,18,0,7.27
538,Mogadishu,SO,2022-05-20 14:53:15,2.0371,45.3438,85.87,74,40,17.27
539,Beloha,MG,2022-05-20 14:53:16,-25.1667,45.05,74.39,50,0,7.34
540,Lorengau,PG,2022-05-20 14:53:16,-2.0226,147.2712,80.35,81,28,6.33
541,San Eduardo,PH,2022-05-20 14:53:17,12.1679,125.4503,80.62,85,100,8.52
542,North Platte,US,2022-05-20 14:53:17,41.1239,-100.7654,51.12,62,100,14.0
543,Ahmadpur East,PK,2022-05-20 14:53:17,29.1431,71.2598,106.48,4,0,20.18
544,Kargasok,RU,2022-05-20 14:51:56,59.0556,80.8572,57.02,51,63,11.36
545,Aleksandrov Gay,RU,2022-05-20 14:53:19,50.147,48.5704,51.75,82,100,7.0
546,Sao Joao Da Barra,BR,2022-05-20 14:53:19,-21.6403,-41.0511,75.29,49,1,10.56
547,Talcahuano,CL,2022-05-20 14:53:20,-36.7167,-73.1167,56.88,82,20,8.05
548,Vostok,RU,2022-05-20 14:53:20,46.4856,135.8833,48.43,69,58,6.29
549,Bafq,IR,2022-05-20 14:53:21,31.6128,55.4107,91.76,8,0,8.88
550,Ende,ID,2022-05-20 14:53:21,-8.8432,121.6623,77.49,83,85,3.22
551,Vestmannaeyjar,IS,2022-05-20 14:53:22,63.4427,-20.2734,49.19,100,75,13.8
552,Cockburn Town,TC,2022-05-20 14:53:22,21.4612,-71.1419,80.29,83,100,17.96
553,Linhares,BR,2022-05-20 14:53:23,-19.3911,-40.0722,80.35,30,4,4.85
554,Ishigaki,JP,2022-05-20 14:53:23,24.3448,124.1572,75.33,88,100,2.3
555,Lipari,IT,2022-05-20 14:54:23,38.4674,14.954,76.32,67,0,6.55
556,Sarahan,IN,2022-05-20 14:54:24,31.5167,77.8,61.68,43,62,8.05
557,Camabatela,AO,2022-05-20 14:54:24,-8.1881,15.375,80.08,40,83,7.4
558,Oktyabrskiy,RU,2022-05-20 14:54:25,54.4815,53.471,44.69,88,100,5.82
559,Richards Bay,ZA,2022-05-20 14:54:25,-28.783,32.0377,70.75,82,41,10.58
560,Ordzhonikidze,KZ,2022-05-20 14:54:25,52.4411,61.7408,53.19,53,100,11.56
561,Lingyuan,CN,2022-05-20 14:54:26,41.24,119.4011,66.34,32,1,4.56
562,Estepona,ES,2022-05-20 14:54:26,36.4276,-5.1459,75.02,47,100,7.96
563,Sale,MA,2022-05-20 14:53:12,34.0389,-6.8166,75.88,73,75,11.5
564,Port Huron,US,2022-05-20 14:54:26,42.9709,-82.4249,73.87,75,100,16.11
565,Jabinyanah,TN,2022-05-20 14:54:27,35.035,10.9081,75.0,65,0,12.77
566,Lata,PT,2022-05-20 14:54:27,40.1629,-8.3327,90.91,23,100,4.79
567,Port Hawkesbury,CA,2022-05-20 14:54:27,45.6169,-61.3485,61.92,48,0,5.75
568,Palmer,US,2022-05-20 14:54:28,42.1584,-72.3287,71.65,69,16,5.73
569,Zemio,CF,2022-05-20 14:54:28,5.0314,25.1361,85.21,59,91,3.74
570,Nuuk,GL,2022-05-20 14:54:28,64.1835,-51.7216,37.36,72,50,4.29
571,Mantua,IT,2022-05-20 14:54:29,45.1667,10.7833,89.1,44,8,5.01
572,Ubrique,ES,2022-05-20 14:54:29,36.6778,-5.446,88.21,28,100,10.29
573,Buin,CL,2022-05-20 14:54:29,-33.7333,-70.75,63.05,47,100,3.29
574,Vila Franca Do Campo,PT,2022-05-20 14:54:30,37.7167,-25.4333,64.81,64,64,6.17
575,Phonhong,LA,2022-05-20 14:54:30,18.5007,102.4166,75.06,98,100,1.41
576,Baykit,RU,2022-05-20 14:54:31,61.67,96.37,51.93,78,85,2.95
577,Luvianos,MX,2022-05-20 14:54:31,18.9167,-100.4,75.22,18,51,3.8
578,Christchurch,NZ,2022-05-20 14:49:54,-43.5333,172.6333,39.4,73,10,8.05
579,Wlingi,ID,2022-05-20 14:54:31,-8.0776,112.3311,72.97,96,100,1.59
580,Ochakiv,UA,2022-05-20 14:54:32,46.6128,31.5498,64.24,62,24,17.07
581,Moron,AR,2022-05-20 14:54:32,-34.6534,-58.6198,62.02,67,9,7.96
582,Ostrovnoy,RU,2022-05-20 14:54:32,68.0531,39.5131,33.84,66,100,9.62
583,Uvira,CD,2022-05-20 14:54:33,-3.4067,29.1458,86.13,75,100,7.72
584,Olinda,BR,2022-05-20 14:54:33,-8.0089,-34.8553,85.73,66,75,9.22
585,Hobyo,SO,2022-05-20 14:54:34,5.3505,48.5268,81.09,79,86,27.09
586,Sawtell,AU,2022-05-20 14:54:34,-30.3833,153.1,59.02,94,100,10.36
587,Brigantine,US,2022-05-20 14:51:50,39.4101,-74.3646,81.03,79,0,8.05
588,Acapulco,MX,2022-05-20 14:50:57,16.8634,-99.8901,81.43,52,25,3.13
589,Zhaotong,CN,2022-05-20 14:54:34,27.3167,103.7167,52.65,81,100,1.3
590,Bandundu,CD,2022-05-20 14:54:35,-3.3167,17.3667,80.19,78,98,2.3
591,Pauini,BR,2022-05-20 14:54:35,-7.7136,-66.9764,81.25,46,56,1.61
592,Mahbubnagar,IN,2022-05-20 14:54:35,16.7333,77.9833,75.04,89,100,12.57
593,Amapa,BR,2022-05-20 14:54:36,1.0,-52.0,72.19,99,100,0.43
594,Langsa,ID,2022-05-20 14:54:36,4.4683,97.9683,76.96,92,78,2.51
595,Jaciara,BR,2022-05-20 14:54:36,-15.9653,-54.9683,73.53,31,3,1.05
596,Pangoa,PE,2022-05-20 14:54:37,-12.1167,-73.0,75.15,59,12,3.13
597,Sundumbili,ZA,2022-05-20 14:54:37,-29.1337,31.3975,68.67,82,85,11.14
598,Osorno,CL,2022-05-20 14:54:25,-40.5667,-73.15,54.25,87,100,12.66
599,Ribera,IT,2022-05-20 14:54:38,37.4984,13.2642,74.68,56,0,11.45
600,Taldan,RU,2022-05-20 14:54:38,53.6667,124.8,42.44,89,63,4.27
601,Pandan,PH,2022-05-20 14:54:38,14.0453,124.1694,80.19,86,98,7.74
602,Borivka,UA,2022-05-20 14:55:39,50.4564,29.546,69.15,61,100,9.01
603,Kedgwick,CA,2022-05-20 14:55:39,47.6446,-67.3434,59.99,47,33,9.04
604,Marabba,SD,2022-05-20 14:55:40,12.35,32.1833,97.92,24,100,13.67
605,Maraa,BR,2022-05-20 14:55:40,-1.8333,-65.3667,73.17,86,100,1.61
606,Hemnesberget,NO,2022-05-20 14:55:41,66.2333,13.6333,56.12,92,100,2.39
607,Bandarbeyla,SO,2022-05-20 14:55:41,9.4942,50.8122,81.72,80,58,30.38
608,Sarakhs,IR,2022-05-20 14:55:41,36.5449,61.1577,88.63,17,0,7.34
609,Istanbul,TR,2022-05-20 14:55:42,41.0351,28.9833,71.02,30,0,18.41
610,Qaqortoq,GL,2022-05-20 14:55:42,60.7167,-46.0333,39.99,73,64,5.46
611,Tangshan,CN,2022-05-20 14:54:08,39.6333,118.1833,71.71,43,0,6.76
612,Quincy,US,2022-05-20 14:55:43,42.2529,-71.0023,72.79,82,48,4.0
613,Dok Kham Tai,TH,2022-05-20 14:55:43,19.1624,99.9934,73.0,96,100,0.45
614,Swan Hill,AU,2022-05-20 14:51:20,-35.3378,143.5544,47.7,69,100,8.25
615,Nome,US,2022-05-20 14:52:04,64.5011,-165.4064,55.47,45,0,11.5
616,Evensk,RU,2022-05-20 14:55:44,61.95,159.2333,37.49,96,100,8.9
617,Jutai,BR,2022-05-20 14:55:44,-5.1833,-68.9,79.77,55,80,1.72
618,Cap-Aux-Meules,CA,2022-05-20 14:55:44,47.3821,-61.8597,59.05,31,20,4.61
619,Hovd,MN,2022-05-20 14:55:45,48.0056,91.6419,62.06,47,100,5.84
620,Taoudenni,ML,2022-05-20 14:54:51,22.6783,-3.9836,112.21,5,64,10.83
621,San Pedro,PH,2022-05-20 14:54:02,14.35,121.0167,76.35,93,100,4.61
622,Mazatlan,MX,2022-05-20 14:51:10,23.2167,-106.4167,79.02,82,6,5.01
623,Jumla,NP,2022-05-20 14:55:45,29.2747,82.1838,58.03,69,73,2.42
624,Puerto Del Rosario,ES,2022-05-20 14:54:55,28.5004,-13.8627,80.35,47,20,20.71
625,Kamenka,RU,2022-05-20 14:55:46,51.3223,42.7678,51.93,56,93,12.75
626,Leh,IN,2022-05-20 14:52:25,34.1667,77.5833,50.2,43,98,7.4
627,Hami,CN,2022-05-20 14:54:31,42.8,93.45,79.0,25,64,23.71
628,Hokitika,NZ,2022-05-20 14:55:46,-42.7167,170.9667,43.84,77,36,8.7
629,Tommot,RU,2022-05-20 14:55:47,58.9564,126.2925,39.81,99,100,3.65
630,Moree,AU,2022-05-20 14:55:47,-29.4667,149.85,54.79,77,39,9.6
631,Zabaykalsk,RU,2022-05-20 14:55:47,49.6333,117.3167,59.25,26,1,4.09
632,Namwala,ZM,2022-05-20 14:55:48,-15.7504,26.4384,76.51,40,82,3.65
633,Camacha,PT,2022-05-20 14:55:48,33.0833,-16.3333,69.22,60,20,12.66
634,Atambua,ID,2022-05-20 14:55:48,-9.1061,124.8925,71.64,88,12,5.39
635,Salaga,GH,2022-05-20 14:55:49,8.5508,-0.5188,93.13,42,99,6.8
636,Hamilton,US,2022-05-20 14:55:49,39.1834,-84.5333,80.22,78,100,5.01
637,The Valley,AI,2022-05-20 14:55:49,18.217,-63.0578,85.1,74,20,13.8
638,Sokoni,TZ,2022-05-20 14:55:50,-6.4333,39.55,84.06,77,43,14.16
639,Fukue,JP,2022-05-20 14:55:50,32.6881,128.8419,63.07,78,100,9.4
640,Illapel,CL,2022-05-20 14:55:51,-31.6308,-71.1653,62.6,51,100,2.93
641,Lagos,NG,2022-05-20 14:55:15,6.5833,3.75,84.52,73,100,6.46
642,Broken Hill,AU,2022-05-20 14:55:51,-31.95,141.4333,50.72,72,91,9.51
643,Muscat,OM,2022-05-20 14:59:04,23.6139,58.5922,95.27,39,0,7.94
644,Jieshi,CN,2022-05-20 14:59:04,22.8134,115.8257,79.95,88,26,5.17
645,Axim,GH,2022-05-20 14:59:05,4.8699,-2.2405,81.3,81,100,11.92
646,Dehloran,IR,2022-05-20 14:59:05,32.6941,47.2679,100.63,10,7,12.57
647,Zhangye,CN,2022-05-20 14:59:05,38.9342,100.4517,70.77,24,100,5.68
648,Buraydah,SA,2022-05-20 14:59:06,26.326,43.975,109.85,5,0,9.4
649,Lively,CA,2022-05-20 14:59:06,46.4334,-81.1498,63.01,82,100,12.5
650,Kambove,CD,2022-05-20 14:59:06,-10.8764,26.5969,73.98,56,93,3.47
651,Princeton,US,2022-05-20 14:59:07,25.5384,-80.4089,85.01,79,100,8.05
652,Hervey Bay,AU,2022-05-20 14:59:07,-25.2986,152.8535,65.01,96,100,11.99
653,West Wendover,US,2022-05-20 14:59:07,40.7391,-114.0733,41.47,38,48,13.87
654,Zhob,PK,2022-05-20 14:59:08,31.3411,69.4481,81.12,11,1,10.56
655,Daru,PG,2022-05-20 14:59:08,-9.0763,143.2092,78.64,76,0,9.84
656,Shumskiy,RU,2022-05-20 14:59:09,54.8318,99.1328,57.38,68,100,4.03
657,Camana,PE,2022-05-20 14:59:09,-16.6228,-72.7111,68.11,72,73,9.33
658,Amahai,ID,2022-05-20 14:59:09,-3.3333,128.9167,79.16,86,31,3.65
659,Aswan,EG,2022-05-20 14:59:10,24.0934,32.907,104.0,7,1,16.75
660,Lakselv,NO,2022-05-20 14:56:26,70.0513,24.9718,51.62,46,0,9.22
661,Mount Vernon,US,2022-05-20 14:59:10,40.9126,-73.8371,70.79,71,57,7.18
662,Almaznyy,RU,2022-05-20 14:59:11,48.0448,40.045,59.31,62,94,11.16
663,Noyabrsk,RU,2022-05-20 14:59:11,63.1994,75.4507,43.48,81,97,18.41
664,Chivay,PE,2022-05-20 14:59:11,-15.6383,-71.6011,53.47,22,92,4.76
665,Chimbote,PE,2022-05-20 14:59:12,-9.0853,-78.5783,66.29,85,97,6.13
666,Puerto Escondido,MX,2022-05-20 14:59:12,15.85,-97.0667,86.14,48,100,11.77
667,Guaraciaba Do Norte,BR,2022-05-20 14:59:12,-4.1669,-40.7475,77.47,65,79,4.59
668,Miyako,JP,2022-05-20 14:59:13,39.6367,141.9525,57.6,61,100,4.83
669,Tiznit,MA,2022-05-20 14:59:13,29.5833,-9.5,89.6,26,1,7.34
670,Usinsk,RU,2022-05-20 14:59:13,65.9939,57.5281,37.72,60,90,20.42
671,Beni Mazar,EG,2022-05-20 14:59:14,28.4962,30.8029,96.04,12,35,17.58
672,Pitimbu,BR,2022-05-20 14:59:14,-7.4706,-34.8086,86.59,79,92,8.9
673,Camopi,GF,2022-05-20 14:59:14,3.1655,-52.3158,73.78,97,100,2.1
674,Gagino,RU,2022-05-20 14:59:15,55.2314,45.0339,45.63,66,73,12.62
675,Panguna,PG,2022-05-20 14:59:15,-6.3164,155.4848,67.44,97,11,1.43
676,Marataizes,BR,2022-05-20 14:59:15,-21.0433,-40.8244,74.52,46,0,7.31
677,Manta,EC,2022-05-20 14:54:55,-0.95,-80.7333,80.38,78,75,2.3
678,Yenagoa,NG,2022-05-20 14:59:16,4.9247,6.2642,85.51,69,88,7.76
679,Nizhniy Ingash,RU,2022-05-20 14:59:16,56.2,96.53,55.98,61,100,4.97
680,Weihai,CN,2022-05-20 14:59:17,37.5017,122.1136,59.5,82,0,10.58
681,Suleja,NG,2022-05-20 14:59:17,9.1758,7.1808,90.59,59,98,3.27
682,Beian,NO,2022-05-20 14:59:17,63.6559,9.5683,62.69,51,20,13.8
683,Coihueco,CL,2022-05-20 14:59:18,-36.6167,-71.8333,54.34,94,40,5.75
684,Guozhen,CN,2022-05-20 14:59:18,34.3659,107.359,70.05,55,100,3.22
